2025-04-20 21:54:24,DISTRACTED
2025-04-20 21:54:26,DISTRACTED
2025-04-20 21:54:27,DISTRACTED
2025-04-20 21:54:29,DISTRACTED
2025-04-20 21:54:29,DISTRACTED
2025-04-20 21:54:30,DISTRACTED
2025-04-20 21:54:31,DISTRACTED
2025-04-20 21:54:38,DISTRACTED
2025-04-20 21:54:38,DISTRACTED
2025-04-20 21:54:39,DISTRACTED
2025-04-20 21:54:39,DISTRACTED
2025-04-20 21:54:39,DISTRACTED
2025-04-20 21:54:51,DISTRACTED
2025-04-20 21:54:52,DISTRACTED
2025-04-20 21:54:52,DISTRACTED
2025-04-20 21:54:52,DISTRACTED
2025-04-20 21:54:54,DISTRACTED
2025-04-20 21:54:56,DISTRACTED
2025-04-20 21:54:56,DISTRACTED
2025-04-20 21:54:56,DISTRACTED
2025-04-20 21:54:56,DISTRACTED
2025-04-20 21:54:57,DISTRACTED
2025-04-20 21:54:57,DISTRACTED
2025-04-20 21:54:58,DISTRACTED
2025-04-20 21:55:12,DISTRACTED
2025-04-20 21:55:13,DISTRACTED
2025-04-20 21:55:22,DISTRACTED
2025-04-20 21:55:22,DISTRACTED
2025-04-20 21:55:25,DISTRACTED
2025-04-20 21:55:25,DISTRACTED
2025-04-20 21:55:26,DISTRACTED
2025-04-20 21:55:26,DISTRACTED
2025-04-20 21:55:26,DISTRACTED
2025-04-20 21:55:27,DISTRACTED
2025-04-20 21:55:43,DISTRACTED
2025-04-20 21:55:43,DISTRACTED
2025-04-20 21:55:44,DISTRACTED
2025-04-20 21:55:47,DISTRACTED
2025-04-20 21:55:48,DISTRACTED
2025-04-20 21:55:48,DISTRACTED
2025-04-20 21:55:48,DISTRACTED
2025-04-20 21:55:48,DISTRACTED
2025-04-20 21:55:48,DISTRACTED
2025-04-20 21:55:49,DISTRACTED
2025-04-20 21:55:49,DISTRACTED
2025-04-20 21:55:49,DISTRACTED
2025-04-20 21:55:49,DISTRACTED
2025-04-20 21:55:50,DISTRACTED
2025-04-20 21:55:51,DISTRACTED
2025-04-20 21:56:03,DISTRACTED
2025-04-20 21:56:03,DISTRACTED
2025-04-20 21:56:03,DISTRACTED
2025-04-20 21:56:04,DISTRACTED
2025-04-20 21:56:04,DISTRACTED
